primary_accession	country	geo_loc	collection_year	host 	comment
U22861	-	-	-	Atilax paludinosus	Curation is part of the VGTK project, Curator: VGTK rabies team, SBOHVM and MRC-University of Glasgow Centre for Virus Research
AF325486	-	-	-	Vulpes lagopus	Curation is part of the VGTK project, Curator: VGTK rabies team, SBOHVM and MRC-University of Glasgow Centre for Virus Research
OM480562	-	-	-	Equus asinus	Curation is part of the VGTK project, Curator: VGTK rabies team, SBOHVM and MRC-University of Glasgow Centre for Virus Research
PX446303	-	-	-	Meles meles	Assumed based on location. Curation is part of the VGTK project, Curator: VGTK rabies team, SBOHVM and MRC-University of Glasgow Centre for Virus Research
KR337508	-	-	-	Meles meles	Assumed based on location. Curation is part of the VGTK project, Curator: VGTK rabies team, SBOHVM and MRC-University of Glasgow Centre for Virus Research
JN596897	-	-	-	Meles meles	Assumed based on location. Curation is part of the VGTK project, Curator: VGTK rabies team, SBOHVM and MRC-University of Glasgow Centre for Virus Research
JF683646	-	-	-	Meles meles	Assumed based on location. Curation is part of the VGTK project, Curator: VGTK rabies team, SBOHVM and MRC-University of Glasgow Centre for Virus Research
JN109230	-	-	-	Meles meles	Assumed based on location. Curation is part of the VGTK project, Curator: VGTK rabies team, SBOHVM and MRC-University of Glasgow Centre for Virus Research
HM852183	-	-	-	Meles meles	Assumed based on location. Curation is part of the VGTK project, Curator: VGTK rabies team, SBOHVM and MRC-University of Glasgow Centre for Virus Research
OQ693962	-	-	-	Meles meles	Assumed based on location. Curation is part of the VGTK project, Curator: VGTK rabies team, SBOHVM and MRC-University of Glasgow Centre for Virus Research
OQ544454	-	-	-	Meles meles	Assumed based on location. Curation is part of the VGTK project, Curator: VGTK rabies team, SBOHVM and MRC-University of Glasgow Centre for Virus Research
PP866426	-	-	-	Meles meles	Assumed based on location. Curation is part of the VGTK project, Curator: VGTK rabies team, SBOHVM and MRC-University of Glasgow Centre for Virus Research
EF377705	-	Cartago, Valle	2002	Eptesicus brasiliensis	Curation is part of the VGTK project, Curator: VGTK rabies team, SBOHVM and MRC-University of Glasgow Centre for Virus Research
EF377704	-	Cali, Valle	2000	Eptesicus brasiliensis	Curation is part of the VGTK project, Curator: VGTK rabies team, SBOHVM and MRC-University of Glasgow Centre for Virus Research
EF377703	-	Pereira, Risaralda	2004	Insectivorous bat	Curation is part of the VGTK project, Curator: VGTK rabies team, SBOHVM and MRC-University of Glasgow Centre for Virus Research
EF377701	-	Cali, Valle	1995	Molossus molossus	Curation is part of the VGTK project, Curator: VGTK rabies team, SBOHVM and MRC-University of Glasgow Centre for Virus Research
KU050058	-	-	-	Canis lupus familiaris	Curation is part of the VGTK project, Curator: VGTK rabies team, SBOHVM and MRC-University of Glasgow Centre for Virus Research
OP939360	-	-	-	black-backed jackal	Curation is part of the VGTK project, Curator: VGTK rabies team, SBOHVM and MRC-University of Glasgow Centre for Virus Research
OP939359	-	-	-	black-backed jackal	Curation is part of the VGTK project, Curator: VGTK rabies team, SBOHVM and MRC-University of Glasgow Centre for Virus Research
OP939358	-	-	-	black-backed jackal	Curation is part of the VGTK project, Curator: VGTK rabies team, SBOHVM and MRC-University of Glasgow Centre for Virus Research
OP939357	-	-	-	black-backed jackal	Curation is part of the VGTK project, Curator: VGTK rabies team, SBOHVM and MRC-University of Glasgow Centre for Virus Research
OP939356	-	-	-	black-backed jackal	Curation is part of the VGTK project, Curator: VGTK rabies team, SBOHVM and MRC-University of Glasgow Centre for Virus Research
OP939355	-	-	-	black-backed jackal	Curation is part of the VGTK project, Curator: VGTK rabies team, SBOHVM and MRC-University of Glasgow Centre for Virus Research
OP939354	-	-	-	black-backed jackal	Curation is part of the VGTK project, Curator: VGTK rabies team, SBOHVM and MRC-University of Glasgow Centre for Virus Research
OR474090	-	-	-	Ursus americanus	Curation is part of the VGTK project, Curator: VGTK rabies team, SBOHVM and MRC-University of Glasgow Centre for Virus Research
OK247533	-	-	-	Lynx rufus	Curation is part of the VGTK project, Curator: VGTK rabies team, SBOHVM and MRC-University of Glasgow Centre for Virus Research
KU050052	-	-	-	Bubalus bubalis	Curation is part of the VGTK project, Curator: VGTK rabies team, SBOHVM and MRC-University of Glasgow Centre for Virus Research
MK697343	-	-	-	Bubalus bubalis	Curation is part of the VGTK project, Curator: VGTK rabies team, SBOHVM and MRC-University of Glasgow Centre for Virus Research
MK697342	-	-	-	Bubalus bubalis	Curation is part of the VGTK project, Curator: VGTK rabies team, SBOHVM and MRC-University of Glasgow Centre for Virus Research
MK697341	-	-	-	Bubalus bubalis	Curation is part of the VGTK project, Curator: VGTK rabies team, SBOHVM and MRC-University of Glasgow Centre for Virus Research
MF474297	-	-	-	Bubalus bubalis	Curation is part of the VGTK project, Curator: VGTK rabies team, SBOHVM and MRC-University of Glasgow Centre for Virus Research
MF414579	-	-	-	Bubalus bubalis	Curation is part of the VGTK project, Curator: VGTK rabies team, SBOHVM and MRC-University of Glasgow Centre for Virus Research
MG310207	-	-	-	Bubalus bubalis	Curation is part of the VGTK project, Curator: VGTK rabies team, SBOHVM and MRC-University of Glasgow Centre for Virus Research
KX434523	-	-	-	Bubalus bubalis	Curation is part of the VGTK project, Curator: VGTK rabies team, SBOHVM and MRC-University of Glasgow Centre for Virus Research
KX434522	-	-	-	Bubalus bubalis	Curation is part of the VGTK project, Curator: VGTK rabies team, SBOHVM and MRC-University of Glasgow Centre for Virus Research
KX434521	-	-	-	Bubalus bubalis	Curation is part of the VGTK project, Curator: VGTK rabies team, SBOHVM and MRC-University of Glasgow Centre for Virus Research
KX434520	-	-	-	Bubalus bubalis	Curation is part of the VGTK project, Curator: VGTK rabies team, SBOHVM and MRC-University of Glasgow Centre for Virus Research
KX434519	-	-	-	Bubalus bubalis	Curation is part of the VGTK project, Curator: VGTK rabies team, SBOHVM and MRC-University of Glasgow Centre for Virus Research
KX434489	-	-	-	Bubalus bubalis	Curation is part of the VGTK project, Curator: VGTK rabies team, SBOHVM and MRC-University of Glasgow Centre for Virus Research
KX434483	-	-	-	Bubalus bubalis	Curation is part of the VGTK project, Curator: VGTK rabies team, SBOHVM and MRC-University of Glasgow Centre for Virus Research
KX434482	-	-	-	Bubalus bubalis	Curation is part of the VGTK project, Curator: VGTK rabies team, SBOHVM and MRC-University of Glasgow Centre for Virus Research
KX434481	-	-	-	Bubalus bubalis	Curation is part of the VGTK project, Curator: VGTK rabies team, SBOHVM and MRC-University of Glasgow Centre for Virus Research
KX434480	-	-	-	Bubalus bubalis	Curation is part of the VGTK project, Curator: VGTK rabies team, SBOHVM and MRC-University of Glasgow Centre for Virus Research
KX434479	-	-	-	Bubalus bubalis	Curation is part of the VGTK project, Curator: VGTK rabies team, SBOHVM and MRC-University of Glasgow Centre for Virus Research
KX434478	-	-	-	Bubalus bubalis	Curation is part of the VGTK project, Curator: VGTK rabies team, SBOHVM and MRC-University of Glasgow Centre for Virus Research
KX148245	-	-	-	Bubalus bubalis	Curation is part of the VGTK project, Curator: VGTK rabies team, SBOHVM and MRC-University of Glasgow Centre for Virus Research
PQ149141	-	-	-	Bubalus bubalis	Curation is part of the VGTK project, Curator: VGTK rabies team, SBOHVM and MRC-University of Glasgow Centre for Virus Research
KU882952	-	-	-	Bubalus bubalis	Curation is part of the VGTK project, Curator: VGTK rabies team, SBOHVM and MRC-University of Glasgow Centre for Virus Research
KU882961	-	-	-	Bubalus bubalis	Curation is part of the VGTK project, Curator: VGTK rabies team, SBOHVM and MRC-University of Glasgow Centre for Virus Research
KU882960	-	-	-	Bubalus bubalis	Curation is part of the VGTK project, Curator: VGTK rabies team, SBOHVM and MRC-University of Glasgow Centre for Virus Research
KU882959	-	-	-	Bubalus bubalis	Curation is part of the VGTK project, Curator: VGTK rabies team, SBOHVM and MRC-University of Glasgow Centre for Virus Research
KU882958	-	-	-	Bubalus bubalis	Curation is part of the VGTK project, Curator: VGTK rabies team, SBOHVM and MRC-University of Glasgow Centre for Virus Research
KU882957	-	-	-	Bubalus bubalis	Curation is part of the VGTK project, Curator: VGTK rabies team, SBOHVM and MRC-University of Glasgow Centre for Virus Research
KU882956	-	-	-	Bubalus bubalis	Curation is part of the VGTK project, Curator: VGTK rabies team, SBOHVM and MRC-University of Glasgow Centre for Virus Research
KU882955	-	-	-	Bubalus bubalis	Curation is part of the VGTK project, Curator: VGTK rabies team, SBOHVM and MRC-University of Glasgow Centre for Virus Research
KU882954	-	-	-	Bubalus bubalis	Curation is part of the VGTK project, Curator: VGTK rabies team, SBOHVM and MRC-University of Glasgow Centre for Virus Research
KU882953	-	-	-	Bubalus bubalis	Curation is part of the VGTK project, Curator: VGTK rabies team, SBOHVM and MRC-University of Glasgow Centre for Virus Research
KT803607	-	-	-	Bubalus bubalis	Curation is part of the VGTK project, Curator: VGTK rabies team, SBOHVM and MRC-University of Glasgow Centre for Virus Research
KM979374	-	-	-	Bubalus bubalis	Curation is part of the VGTK project, Curator: VGTK rabies team, SBOHVM and MRC-University of Glasgow Centre for Virus Research
KM979366	-	-	-	Bubalus bubalis	Curation is part of the VGTK project, Curator: VGTK rabies team, SBOHVM and MRC-University of Glasgow Centre for Virus Research
KT381834	-	-	-	Bubalus bubalis	Curation is part of the VGTK project, Curator: VGTK rabies team, SBOHVM and MRC-University of Glasgow Centre for Virus Research
KT381829	-	-	-	Bubalus bubalis	Curation is part of the VGTK project, Curator: VGTK rabies team, SBOHVM and MRC-University of Glasgow Centre for Virus Research
KT381827	-	-	-	Bubalus bubalis	Curation is part of the VGTK project, Curator: VGTK rabies team, SBOHVM and MRC-University of Glasgow Centre for Virus Research
KT381826	-	-	-	Bubalus bubalis	Curation is part of the VGTK project, Curator: VGTK rabies team, SBOHVM and MRC-University of Glasgow Centre for Virus Research
KT381825	-	-	-	Bubalus bubalis	Curation is part of the VGTK project, Curator: VGTK rabies team, SBOHVM and MRC-University of Glasgow Centre for Virus Research
KT381824	-	-	-	Bubalus bubalis	Curation is part of the VGTK project, Curator: VGTK rabies team, SBOHVM and MRC-University of Glasgow Centre for Virus Research
KF150716	-	-	-	Bubalus bubalis	Curation is part of the VGTK project, Curator: VGTK rabies team, SBOHVM and MRC-University of Glasgow Centre for Virus Research
KF150710	-	-	-	Bubalus bubalis	Curation is part of the VGTK project, Curator: VGTK rabies team, SBOHVM and MRC-University of Glasgow Centre for Virus Research
KF864240	-	-	-	Bubalus bubalis	Curation is part of the VGTK project, Curator: VGTK rabies team, SBOHVM and MRC-University of Glasgow Centre for Virus Research
KF864239	-	-	-	Bubalus bubalis	Curation is part of the VGTK project, Curator: VGTK rabies team, SBOHVM and MRC-University of Glasgow Centre for Virus Research
KF660246	-	-	-	Bubalus bubalis	Curation is part of the VGTK project, Curator: VGTK rabies team, SBOHVM and MRC-University of Glasgow Centre for Virus Research
KF660245	-	-	-	Bubalus bubalis	Curation is part of the VGTK project, Curator: VGTK rabies team, SBOHVM and MRC-University of Glasgow Centre for Virus Research
KF660244	-	-	-	Bubalus bubalis	Curation is part of the VGTK project, Curator: VGTK rabies team, SBOHVM and MRC-University of Glasgow Centre for Virus Research
KF660243	-	-	-	Bubalus bubalis	Curation is part of the VGTK project, Curator: VGTK rabies team, SBOHVM and MRC-University of Glasgow Centre for Virus Research
JX987737	-	-	-	Bubalus bubalis	Curation is part of the VGTK project, Curator: VGTK rabies team, SBOHVM and MRC-University of Glasgow Centre for Virus Research
JX987721	-	-	-	Bubalus bubalis	Curation is part of the VGTK project, Curator: VGTK rabies team, SBOHVM and MRC-University of Glasgow Centre for Virus Research
KF005062	-	-	-	Bubalus bubalis	Curation is part of the VGTK project, Curator: VGTK rabies team, SBOHVM and MRC-University of Glasgow Centre for Virus Research
KF005061	-	-	-	Bubalus bubalis	Curation is part of the VGTK project, Curator: VGTK rabies team, SBOHVM and MRC-University of Glasgow Centre for Virus Research
KF005045	-	-	-	Bubalus bubalis	Curation is part of the VGTK project, Curator: VGTK rabies team, SBOHVM and MRC-University of Glasgow Centre for Virus Research
KF005044	-	-	-	Bubalus bubalis	Curation is part of the VGTK project, Curator: VGTK rabies team, SBOHVM and MRC-University of Glasgow Centre for Virus Research
KC887344	-	-	-	Bubalus bubalis	Curation is part of the VGTK project, Curator: VGTK rabies team, SBOHVM and MRC-University of Glasgow Centre for Virus Research
PP844624	-	-	-	Bubalus bubalis	Curation is part of the VGTK project, Curator: VGTK rabies team, SBOHVM and MRC-University of Glasgow Centre for Virus Research
EF643518	-	-	-	Bubalus bubalis	Curation is part of the VGTK project, Curator: VGTK rabies team, SBOHVM and MRC-University of Glasgow Centre for Virus Research
EF611081	-	-	-	Bubalus bubalis	Curation is part of the VGTK project, Curator: VGTK rabies team, SBOHVM and MRC-University of Glasgow Centre for Virus Research
PP805699	-	-	-	Bubalus bubalis	Curation is part of the VGTK project, Curator: VGTK rabies team, SBOHVM and MRC-University of Glasgow Centre for Virus Research
PP805698	-	-	-	Bubalus bubalis	Curation is part of the VGTK project, Curator: VGTK rabies team, SBOHVM and MRC-University of Glasgow Centre for Virus Research
PP557660	-	-	-	Bubalus bubalis	Curation is part of the VGTK project, Curator: VGTK rabies team, SBOHVM and MRC-University of Glasgow Centre for Virus Research
PP557659	-	-	-	Bubalus bubalis	Curation is part of the VGTK project, Curator: VGTK rabies team, SBOHVM and MRC-University of Glasgow Centre for Virus Research
PP111048	-	-	-	Bubalus bubalis	Curation is part of the VGTK project, Curator: VGTK rabies team, SBOHVM and MRC-University of Glasgow Centre for Virus Research
PV288996	-	-	-	Bubalus bubalis	Curation is part of the VGTK project, Curator: VGTK rabies team, SBOHVM and MRC-University of Glasgow Centre for Virus Research
MT684779	-	-	-	Bubalus bubalis	Curation is part of the VGTK project, Curator: VGTK rabies team, SBOHVM and MRC-University of Glasgow Centre for Virus Research
JN258580	-	-	-	Bubalus bubalis	Curation is part of the VGTK project, Curator: VGTK rabies team, SBOHVM and MRC-University of Glasgow Centre for Virus Research
JN258569	-	-	-	Bubalus bubalis	Curation is part of the VGTK project, Curator: VGTK rabies team, SBOHVM and MRC-University of Glasgow Centre for Virus Research
PX952684	-	-	-	Bubalus bubalis	Curation is part of the VGTK project, Curator: VGTK rabies team, SBOHVM and MRC-University of Glasgow Centre for Virus Research
PQ661204	-	-	-	Bubalus bubalis	Curation is part of the VGTK project, Curator: VGTK rabies team, SBOHVM and MRC-University of Glasgow Centre for Virus Research
MH151955	-	-	-	Bos taurus	Curation is part of the VGTK project, Curator: VGTK rabies team, SBOHVM and MRC-University of Glasgow Centre for Virus Research
PP760224	-	-	-	Bos taurus	Curation is part of the VGTK project, Curator: VGTK rabies team, SBOHVM and MRC-University of Glasgow Centre for Virus Research
PV584359	-	-	-	Bos taurus	Curation is part of the VGTK project, Curator: VGTK rabies team, SBOHVM and MRC-University of Glasgow Centre for Virus Research
PP111046	-	-	-	Bos taurus	Curation is part of the VGTK project, Curator: VGTK rabies team, SBOHVM and MRC-University of Glasgow Centre for Virus Research
MK754419	-	-	-	Bos taurus	Curation is part of the VGTK project, Curator: VGTK rabies team, SBOHVM and MRC-University of Glasgow Centre for Virus Research
MK754409	-	-	-	Bos taurus	Curation is part of the VGTK project, Curator: VGTK rabies team, SBOHVM and MRC-University of Glasgow Centre for Virus Research
MK754406	-	-	-	Bos taurus	Curation is part of the VGTK project, Curator: VGTK rabies team, SBOHVM and MRC-University of Glasgow Centre for Virus Research
ON075457	-	-	-	Bos taurus	Curation is part of the VGTK project, Curator: VGTK rabies team, SBOHVM and MRC-University of Glasgow Centre for Virus Research
DQ840098	-	-	-	Canis lupus familiaris	Curation is part of the VGTK project, Curator: VGTK rabies team, SBOHVM and MRC-University of Glasgow Centre for Virus Research
OR971410	-	-	-	Canis lupus familiaris	Curation is part of the VGTK project, Curator: VGTK rabies team, SBOHVM and MRC-University of Glasgow Centre for Virus Research
MW579840	-	-	-	Felis catus	Assumed domestic cat. Curation is part of the VGTK project, Curator: VGTK rabies team, SBOHVM and MRC-University of Glasgow Centre for Virus Research
MW579811	-	-	-	Felis catus	Assumed domestic cat. Curation is part of the VGTK project, Curator: VGTK rabies team, SBOHVM and MRC-University of Glasgow Centre for Virus Research
PV130913	-	-	-	Felis catus	Assumed domestic cat. Curation is part of the VGTK project, Curator: VGTK rabies team, SBOHVM and MRC-University of Glasgow Centre for Virus Research
OQ790005	-	-	-	Felis catus	Assumed domestic cat. Curation is part of the VGTK project, Curator: VGTK rabies team, SBOHVM and MRC-University of Glasgow Centre for Virus Research
OQ790011	-	-	-	Felis catus	Assumed domestic cat. Curation is part of the VGTK project, Curator: VGTK rabies team, SBOHVM and MRC-University of Glasgow Centre for Virus Research
MH258823	-	-	-	Bos taurus	Curation is part of the VGTK project, Curator: VGTK rabies team, SBOHVM and MRC-University of Glasgow Centre for Virus Research
PP785421	-	-	-	Cerdocyon thous	Curation is part of the VGTK project, Curator: VGTK rabies team, SBOHVM and MRC-University of Glasgow Centre for Virus Research
KP319184	-	-	-	Melogale moschata	Curation is part of the VGTK project, Curator: VGTK rabies team, SBOHVM and MRC-University of Glasgow Centre for Virus Research
FJ712196	-	-	-	Melogale moschata	Curation is part of the VGTK project, Curator: VGTK rabies team, SBOHVM and MRC-University of Glasgow Centre for Virus Research
FJ712195	-	-	-	Melogale moschata	Curation is part of the VGTK project, Curator: VGTK rabies team, SBOHVM and MRC-University of Glasgow Centre for Virus Research
FJ825135	-	-	-	Melogale moschata	Curation is part of the VGTK project, Curator: VGTK rabies team, SBOHVM and MRC-University of Glasgow Centre for Virus Research
FJ825134	-	-	-	Melogale moschata	Curation is part of the VGTK project, Curator: VGTK rabies team, SBOHVM and MRC-University of Glasgow Centre for Virus Research
FJ825133	-	-	-	Melogale moschata	Curation is part of the VGTK project, Curator: VGTK rabies team, SBOHVM and MRC-University of Glasgow Centre for Virus Research
KY210306	-	-	-	Civettictis civetta	Assumed based on location. Curation is part of the VGTK project, Curator: VGTK rabies team, SBOHVM and MRC-University of Glasgow Centre for Virus Research
KR534246	-	-	-	Civettictis civetta	Assumed based on location. Curation is part of the VGTK project, Curator: VGTK rabies team, SBOHVM and MRC-University of Glasgow Centre for Virus Research
LC110321	-	-	-	Paradoxurus zeylonensis	Assumed based on location. Curation is part of the VGTK project, Curator: VGTK rabies team, SBOHVM and MRC-University of Glasgow Centre for Virus Research
LC110293	-	-	-	Paradoxurus zeylonensis	Assumed based on location. Curation is part of the VGTK project, Curator: VGTK rabies team, SBOHVM and MRC-University of Glasgow Centre for Virus Research
KX878987	-	-	-	Dasypus novemcinctus	Curation is part of the VGTK project, Curator: VGTK rabies team, SBOHVM and MRC-University of Glasgow Centre for Virus Research
MW579833	-	-	-	Desmodus rotundus	Curation is part of the VGTK project, Curator: VGTK rabies team, SBOHVM and MRC-University of Glasgow Centre for Virus Research
MW579824	-	-	-	Desmodus rotundus	Curation is part of the VGTK project, Curator: VGTK rabies team, SBOHVM and MRC-University of Glasgow Centre for Virus Research
MW579820	-	-	-	Desmodus rotundus	Curation is part of the VGTK project, Curator: VGTK rabies team, SBOHVM and MRC-University of Glasgow Centre for Virus Research
MW579786	-	-	-	Desmodus rotundus	Curation is part of the VGTK project, Curator: VGTK rabies team, SBOHVM and MRC-University of Glasgow Centre for Virus Research
PV130912	-	-	-	Canis lupus familiaris	Curation is part of the VGTK project, Curator: VGTK rabies team, SBOHVM and MRC-University of Glasgow Centre for Virus Research
MH507337	-	-	-	Canis lupus familiaris	Curation is part of the VGTK project, Curator: VGTK rabies team, SBOHVM and MRC-University of Glasgow Centre for Virus Research
MH507336	-	-	-	Canis lupus familiaris	Curation is part of the VGTK project, Curator: VGTK rabies team, SBOHVM and MRC-University of Glasgow Centre for Virus Research
GU086660	-	-	-	Canis lupus familiaris	Curation is part of the VGTK project, Curator: VGTK rabies team, SBOHVM and MRC-University of Glasgow Centre for Virus Research
GU086637	-	-	-	Canis lupus familiaris	Curation is part of the VGTK project, Curator: VGTK rabies team, SBOHVM and MRC-University of Glasgow Centre for Virus Research
PV540779	-	-	-	Canis lupus familiaris	Curation is part of the VGTK project, Curator: VGTK rabies team, SBOHVM and MRC-University of Glasgow Centre for Virus Research
MW057696	-	-	-	Canis lupus familiaris	Curation is part of the VGTK project, Curator: VGTK rabies team, SBOHVM and MRC-University of Glasgow Centre for Virus Research
MW057695	-	-	-	Canis lupus familiaris	Curation is part of the VGTK project, Curator: VGTK rabies team, SBOHVM and MRC-University of Glasgow Centre for Virus Research
MW057694	-	-	-	Canis lupus familiaris	Curation is part of the VGTK project, Curator: VGTK rabies team, SBOHVM and MRC-University of Glasgow Centre for Virus Research
PQ740965	-	-	-	Canis lupus familiaris	Curation is part of the VGTK project, Curator: VGTK rabies team, SBOHVM and MRC-University of Glasgow Centre for Virus Research
PQ740964	-	-	-	Canis lupus familiaris	Curation is part of the VGTK project, Curator: VGTK rabies team, SBOHVM and MRC-University of Glasgow Centre for Virus Research
PQ740963	-	-	-	Canis lupus familiaris	Curation is part of the VGTK project, Curator: VGTK rabies team, SBOHVM and MRC-University of Glasgow Centre for Virus Research
KU055540	-	-	-	Muscardinus avellanarius	Curation is part of the VGTK project, Curator: VGTK rabies team, SBOHVM and MRC-University of Glasgow Centre for Virus Research
EU853624	-	-	-	Camelus dromedarius	Curation is part of the VGTK project, Curator: VGTK rabies team, SBOHVM and MRC-University of Glasgow Centre for Virus Research
AY330764	-	-	-	Cephalophus	Curation is part of the VGTK project, Curator: VGTK rabies team, SBOHVM and MRC-University of Glasgow Centre for Virus Research
DQ194883	-	-	-	Taurotragus oryx	Curation is part of the VGTK project, Curator: VGTK rabies team, SBOHVM and MRC-University of Glasgow Centre for Virus Research
KX434507	-	-	-	Elephas maximus indicus	Curation is part of the VGTK project, Curator: VGTK rabies team, SBOHVM and MRC-University of Glasgow Centre for Virus Research
AY138564	-	-	-	Elephas maximus indicus	Curation is part of the VGTK project, Curator: VGTK rabies team, SBOHVM and MRC-University of Glasgow Centre for Virus Research
KF150734	-	-	-	Elephas maximus indicus	Curation is part of the VGTK project, Curator: VGTK rabies team, SBOHVM and MRC-University of Glasgow Centre for Virus Research
KC297654	-	-	-	Eptesicus serotinus	Curation is part of the VGTK project, Curator: VGTK rabies team, SBOHVM and MRC-University of Glasgow Centre for Virus Research
AF369274	-	-	-	Vulpes vulpes	Curation is part of the VGTK project, Curator: VGTK rabies team, SBOHVM and MRC-University of Glasgow Centre for Virus Research
KY613020	-	-	-	Melogale moschata	Assumed based on location. Curation is part of the VGTK project, Curator: VGTK rabies team, SBOHVM and MRC-University of Glasgow Centre for Virus Research
KY613019	-	-	-	Melogale moschata	Assumed based on location. Curation is part of the VGTK project, Curator: VGTK rabies team, SBOHVM and MRC-University of Glasgow Centre for Virus Research
KY613018	-	-	-	Melogale moschata	Assumed based on location. Curation is part of the VGTK project, Curator: VGTK rabies team, SBOHVM and MRC-University of Glasgow Centre for Virus Research
KY613017	-	-	-	Melogale moschata	Assumed based on location. Curation is part of the VGTK project, Curator: VGTK rabies team, SBOHVM and MRC-University of Glasgow Centre for Virus Research
KX447689	-	-	-	Melogale moschata	Assumed based on location. Curation is part of the VGTK project, Curator: VGTK rabies team, SBOHVM and MRC-University of Glasgow Centre for Virus Research
KX447688	-	-	-	Melogale moschata	Assumed based on location. Curation is part of the VGTK project, Curator: VGTK rabies team, SBOHVM and MRC-University of Glasgow Centre for Virus Research
KX447687	-	-	-	Melogale moschata	Assumed based on location. Curation is part of the VGTK project, Curator: VGTK rabies team, SBOHVM and MRC-University of Glasgow Centre for Virus Research
KX447686	-	-	-	Melogale moschata	Assumed based on location. Curation is part of the VGTK project, Curator: VGTK rabies team, SBOHVM and MRC-University of Glasgow Centre for Virus Research
KP892528	-	-	-	Melogale moschata subaurantiaca	Curation is part of the VGTK project, Curator: VGTK rabies team, SBOHVM and MRC-University of Glasgow Centre for Virus Research
KP892527	-	-	-	Melogale moschata subaurantiaca	Curation is part of the VGTK project, Curator: VGTK rabies team, SBOHVM and MRC-University of Glasgow Centre for Virus Research
JN974877	-	-	-	Melogale moschata	Assumed based on location. Curation is part of the VGTK project, Curator: VGTK rabies team, SBOHVM and MRC-University of Glasgow Centre for Virus Research
JN936788	-	-	-	Melogale moschata	Assumed based on location. Curation is part of the VGTK project, Curator: VGTK rabies team, SBOHVM and MRC-University of Glasgow Centre for Virus Research
JQ950453	-	-	-	Melogale moschata	Assumed based on location. Curation is part of the VGTK project, Curator: VGTK rabies team, SBOHVM and MRC-University of Glasgow Centre for Virus Research
JQ950451	-	-	-	Melogale moschata	Assumed based on location. Curation is part of the VGTK project, Curator: VGTK rabies team, SBOHVM and MRC-University of Glasgow Centre for Virus Research
JQ950449	-	-	-	Melogale moschata	Assumed based on location. Curation is part of the VGTK project, Curator: VGTK rabies team, SBOHVM and MRC-University of Glasgow Centre for Virus Research
JQ950452	-	-	-	Melogale moschata	Assumed based on location. Curation is part of the VGTK project, Curator: VGTK rabies team, SBOHVM and MRC-University of Glasgow Centre for Virus Research
JQ950450	-	-	-	Melogale moschata	Assumed based on location. Curation is part of the VGTK project, Curator: VGTK rabies team, SBOHVM and MRC-University of Glasgow Centre for Virus Research
JQ950448	-	-	-	Melogale moschata	Assumed based on location. Curation is part of the VGTK project, Curator: VGTK rabies team, SBOHVM and MRC-University of Glasgow Centre for Virus Research
AF369294	-	-	-	Procyon lotor	Curation is part of the VGTK project, Curator: VGTK rabies team, SBOHVM and MRC-University of Glasgow Centre for Virus Research
FJ228486	-	-	-	Tadarida brasiliensis	Curation is part of the VGTK project, Curator: VGTK rabies team, SBOHVM and MRC-University of Glasgow Centre for Virus Research
AF304169	-	-	-	Genetta tigrina	Assumed based on location. Curation is part of the VGTK project, Curator: VGTK rabies team, SBOHVM and MRC-University of Glasgow Centre for Virus Research
DQ194893	-	-	-	Genetta tigrina	Assumed based on location. Curation is part of the VGTK project, Curator: VGTK rabies team, SBOHVM and MRC-University of Glasgow Centre for Virus Research
AY330763	-	-	-	Genetta genetta	Curation is part of the VGTK project, Curator: VGTK rabies team, SBOHVM and MRC-University of Glasgow Centre for Virus Research
AY330746	-	-	-	Genetta genetta	Curation is part of the VGTK project, Curator: VGTK rabies team, SBOHVM and MRC-University of Glasgow Centre for Virus Research
OR640915	-	-	-	Genetta genetta	Curation is part of the VGTK project, Curator: VGTK rabies team, SBOHVM and MRC-University of Glasgow Centre for Virus Research
OQ790020	-	-	-	Capra aegagrus hircus	Curation is part of the VGTK project, Curator: VGTK rabies team, SBOHVM and MRC-University of Glasgow Centre for Virus Research
OQ789997	-	-	-	Capra aegagrus hircus	Curation is part of the VGTK project, Curator: VGTK rabies team, SBOHVM and MRC-University of Glasgow Centre for Virus Research
OQ789993	-	-	-	Capra aegagrus hircus	Curation is part of the VGTK project, Curator: VGTK rabies team, SBOHVM and MRC-University of Glasgow Centre for Virus Research
OQ471319	-	-	-	Capra aegagrus hircus	Curation is part of the VGTK project, Curator: VGTK rabies team, SBOHVM and MRC-University of Glasgow Centre for Virus Research
LC110320	-	-	-	Herpestes edwardsii	Curation is part of the VGTK project, Curator: VGTK rabies team, SBOHVM and MRC-University of Glasgow Centre for Virus Research
DQ194897	-	-	-	Xerus inauris	Curation is part of the VGTK project, Curator: VGTK rabies team, SBOHVM and MRC-University of Glasgow Centre for Virus Research
AY353994	-	-	-	Xerus inauris	Curation is part of the VGTK project, Curator: VGTK rabies team, SBOHVM and MRC-University of Glasgow Centre for Virus Research
KX685267	-	-	-	Ursus thibetanus laniger	Curation is part of the VGTK project, Curator: VGTK rabies team, SBOHVM and MRC-University of Glasgow Centre for Virus Research
MK534455	-	-	-	Canis aureus	Assumed based on location. Curation is part of the VGTK project, Curator: VGTK rabies team, SBOHVM and MRC-University of Glasgow Centre for Virus Research
MK534448	-	-	-	Canis aureus	Assumed based on location. Curation is part of the VGTK project, Curator: VGTK rabies team, SBOHVM and MRC-University of Glasgow Centre for Virus Research
MK507726	-	-	-	Canis aureus	Assumed based on location. Curation is part of the VGTK project, Curator: VGTK rabies team, SBOHVM and MRC-University of Glasgow Centre for Virus Research
MK507724	-	-	-	Canis aureus	Assumed based on location. Curation is part of the VGTK project, Curator: VGTK rabies team, SBOHVM and MRC-University of Glasgow Centre for Virus Research
DQ300301	-	-	-	Canis aureus	Assumed based on location. Curation is part of the VGTK project, Curator: VGTK rabies team, SBOHVM and MRC-University of Glasgow Centre for Virus Research
DQ300297	-	-	-	Canis aureus	Assumed based on location. Curation is part of the VGTK project, Curator: VGTK rabies team, SBOHVM and MRC-University of Glasgow Centre for Virus Research
GU086661	-	-	-	Canis aureus	Assumed based on location. Curation is part of the VGTK project, Curator: VGTK rabies team, SBOHVM and MRC-University of Glasgow Centre for Virus Research
JQ973868	-	-	-	Canis aureus	Assumed based on location. Curation is part of the VGTK project, Curator: VGTK rabies team, SBOHVM and MRC-University of Glasgow Centre for Virus Research
AY208163	-	-	-	Lasiurus intermedius	Curation is part of the VGTK project, Curator: VGTK rabies team, SBOHVM and MRC-University of Glasgow Centre for Virus Research
AF394878	-	-	-	Lasiurus intermedius	Curation is part of the VGTK project, Curator: VGTK rabies team, SBOHVM and MRC-University of Glasgow Centre for Virus Research
KX685269	-	-	-	Urva edwardsii	Assumed based on location. Curation is part of the VGTK project, Curator: VGTK rabies team, SBOHVM and MRC-University of Glasgow Centre for Virus Research
PV091160	-	-	-	Urva auropunctata	Assumed based on location. Curation is part of the VGTK project, Curator: VGTK rabies team, SBOHVM and MRC-University of Glasgow Centre for Virus Research
PV091147	-	-	-	Urva auropunctata	Assumed based on location. Curation is part of the VGTK project, Curator: VGTK rabies team, SBOHVM and MRC-University of Glasgow Centre for Virus Research
PV091150	-	-	-	Urva auropunctata	Assumed based on location. Curation is part of the VGTK project, Curator: VGTK rabies team, SBOHVM and MRC-University of Glasgow Centre for Virus Research
PV091162	-	-	-	Urva auropunctata	Assumed based on location. Curation is part of the VGTK project, Curator: VGTK rabies team, SBOHVM and MRC-University of Glasgow Centre for Virus Research
PV091143	-	-	-	Urva auropunctata	Assumed based on location. Curation is part of the VGTK project, Curator: VGTK rabies team, SBOHVM and MRC-University of Glasgow Centre for Virus Research
PV091159	-	-	-	Urva auropunctata	Assumed based on location. Curation is part of the VGTK project, Curator: VGTK rabies team, SBOHVM and MRC-University of Glasgow Centre for Virus Research
MK760750	-	-	-	Martes	Curation is part of the VGTK project, Curator: VGTK rabies team, SBOHVM and MRC-University of Glasgow Centre for Virus Research
KR337545	-	-	-	Martes	Curation is part of the VGTK project, Curator: VGTK rabies team, SBOHVM and MRC-University of Glasgow Centre for Virus Research
JN656519	-	-	-	Martes	Curation is part of the VGTK project, Curator: VGTK rabies team, SBOHVM and MRC-University of Glasgow Centre for Virus Research
JN656507	-	-	-	Martes	Curation is part of the VGTK project, Curator: VGTK rabies team, SBOHVM and MRC-University of Glasgow Centre for Virus Research
HM852175	-	-	-	Martes	Curation is part of the VGTK project, Curator: VGTK rabies team, SBOHVM and MRC-University of Glasgow Centre for Virus Research
HM852152	-	-	-	Martes	Curation is part of the VGTK project, Curator: VGTK rabies team, SBOHVM and MRC-University of Glasgow Centre for Virus Research
OP311875	-	-	-	Martes	Curation is part of the VGTK project, Curator: VGTK rabies team, SBOHVM and MRC-University of Glasgow Centre for Virus Research
PP866461	-	-	-	Martes	Curation is part of the VGTK project, Curator: VGTK rabies team, SBOHVM and MRC-University of Glasgow Centre for Virus Research
PP866438	-	-	-	Martes	Curation is part of the VGTK project, Curator: VGTK rabies team, SBOHVM and MRC-University of Glasgow Centre for Virus Research
MZ391126	-	-	-	Martes	Curation is part of the VGTK project, Curator: VGTK rabies team, SBOHVM and MRC-University of Glasgow Centre for Virus Research
MZ391111	-	-	-	Martes	Curation is part of the VGTK project, Curator: VGTK rabies team, SBOHVM and MRC-University of Glasgow Centre for Virus Research
OQ473645	-	-	-	Martes flavigula chrysospila	Chrysospila is a subspecies. Curation is part of the VGTK project, Curator: VGTK rabies team, SBOHVM and MRC-University of Glasgow Centre for Virus Research
MF144114	-	-	-	Melursus ursinus	Curation is part of the VGTK project, Curator: VGTK rabies team, SBOHVM and MRC-University of Glasgow Centre for Virus Research
AF369293	-	-	-	Procyon lotor	Curation is part of the VGTK project, Curator: VGTK rabies team, SBOHVM and MRC-University of Glasgow Centre for Virus Research
AF369312	-	-	-	Canis lupus familiaris	Curation is part of the VGTK project, Curator: VGTK rabies team, SBOHVM and MRC-University of Glasgow Centre for Virus Research
AF369311	-	-	-	Canis lupus familiaris	Curation is part of the VGTK project, Curator: VGTK rabies team, SBOHVM and MRC-University of Glasgow Centre for Virus Research
AB449215	-	-	-	Cynomops abrasus	Curation is part of the VGTK project, Curator: VGTK rabies team, SBOHVM and MRC-University of Glasgow Centre for Virus Research
AB201818	-	-	-	Cynomops abrasus	Curation is part of the VGTK project, Curator: VGTK rabies team, SBOHVM and MRC-University of Glasgow Centre for Virus Research
JQ513538	-	-	-	Urva auropunctata	Curation is part of the VGTK project, Curator: VGTK rabies team, SBOHVM and MRC-University of Glasgow Centre for Virus Research
JQ513537	-	-	-	Urva auropunctata	Curation is part of the VGTK project, Curator: VGTK rabies team, SBOHVM and MRC-University of Glasgow Centre for Virus Research
JQ513536	-	-	-	Urva auropunctata	Curation is part of the VGTK project, Curator: VGTK rabies team, SBOHVM and MRC-University of Glasgow Centre for Virus Research
JQ513535	-	-	-	Urva auropunctata	Curation is part of the VGTK project, Curator: VGTK rabies team, SBOHVM and MRC-University of Glasgow Centre for Virus Research
JQ513534	-	-	-	Urva auropunctata	Curation is part of the VGTK project, Curator: VGTK rabies team, SBOHVM and MRC-University of Glasgow Centre for Virus Research
JQ513533	-	-	-	Urva auropunctata	Curation is part of the VGTK project, Curator: VGTK rabies team, SBOHVM and MRC-University of Glasgow Centre for Virus Research
JQ513528	-	-	-	Urva auropunctata	Curation is part of the VGTK project, Curator: VGTK rabies team, SBOHVM and MRC-University of Glasgow Centre for Virus Research
DQ837183	-	-	-	Urva auropunctata	Curation is part of the VGTK project, Curator: VGTK rabies team, SBOHVM and MRC-University of Glasgow Centre for Virus Research
DQ837178	-	-	-	Urva auropunctata	Curation is part of the VGTK project, Curator: VGTK rabies team, SBOHVM and MRC-University of Glasgow Centre for Virus Research
PX738203	-	-	-	Urva auropunctata	Curation is part of the VGTK project, Curator: VGTK rabies team, SBOHVM and MRC-University of Glasgow Centre for Virus Research
PX738257	-	-	-	Urva auropunctata	Curation is part of the VGTK project, Curator: VGTK rabies team, SBOHVM and MRC-University of Glasgow Centre for Virus Research
PX738198	-	-	-	Urva auropunctata	Curation is part of the VGTK project, Curator: VGTK rabies team, SBOHVM and MRC-University of Glasgow Centre for Virus Research
JQ513542	-	-	-	Puma concolor	Curation is part of the VGTK project, Curator: VGTK rabies team, SBOHVM and MRC-University of Glasgow Centre for Virus Research
MK840986	-	-	-	Homo sapien	Curation is part of the VGTK project, Curator: VGTK rabies team, SBOHVM and MRC-University of Glasgow Centre for Virus Research
MK622908	-	-	-	Homo sapien	Curation is part of the VGTK project, Curator: VGTK rabies team, SBOHVM and MRC-University of Glasgow Centre for Virus Research
MK622907	-	-	-	Homo sapien	Curation is part of the VGTK project, Curator: VGTK rabies team, SBOHVM and MRC-University of Glasgow Centre for Virus Research
MK622906	-	-	-	Homo sapien	Curation is part of the VGTK project, Curator: VGTK rabies team, SBOHVM and MRC-University of Glasgow Centre for Virus Research
MK622905	-	-	-	Homo sapien	Curation is part of the VGTK project, Curator: VGTK rabies team, SBOHVM and MRC-University of Glasgow Centre for Virus Research
MK622904	-	-	-	Homo sapien	Curation is part of the VGTK project, Curator: VGTK rabies team, SBOHVM and MRC-University of Glasgow Centre for Virus Research
MK622903	-	-	-	Homo sapien	Curation is part of the VGTK project, Curator: VGTK rabies team, SBOHVM and MRC-University of Glasgow Centre for Virus Research
MH481074	-	-	-	Melogale subaurantiaca	Curation is part of the VGTK project, Curator: VGTK rabies team, SBOHVM and MRC-University of Glasgow Centre for Virus Research
MH481073	-	-	-	Melogale subaurantiaca	Curation is part of the VGTK project, Curator: VGTK rabies team, SBOHVM and MRC-University of Glasgow Centre for Virus Research
MH481072	-	-	-	Melogale subaurantiaca	Curation is part of the VGTK project, Curator: VGTK rabies team, SBOHVM and MRC-University of Glasgow Centre for Virus Research
MH481071	-	-	-	Melogale subaurantiaca	Curation is part of the VGTK project, Curator: VGTK rabies team, SBOHVM and MRC-University of Glasgow Centre for Virus Research
MH481070	-	-	-	Melogale subaurantiaca	Curation is part of the VGTK project, Curator: VGTK rabies team, SBOHVM and MRC-University of Glasgow Centre for Virus Research
MH481069	-	-	-	Melogale subaurantiaca	Curation is part of the VGTK project, Curator: VGTK rabies team, SBOHVM and MRC-University of Glasgow Centre for Virus Research
MH481068	-	-	-	Melogale subaurantiaca	Curation is part of the VGTK project, Curator: VGTK rabies team, SBOHVM and MRC-University of Glasgow Centre for Virus Research
MH481067	-	-	-	Melogale subaurantiaca	Curation is part of the VGTK project, Curator: VGTK rabies team, SBOHVM and MRC-University of Glasgow Centre for Virus Research
MH481066	-	-	-	Melogale subaurantiaca	Curation is part of the VGTK project, Curator: VGTK rabies team, SBOHVM and MRC-University of Glasgow Centre for Virus Research
MH481065	-	-	-	Melogale subaurantiaca	Curation is part of the VGTK project, Curator: VGTK rabies team, SBOHVM and MRC-University of Glasgow Centre for Virus Research
MH481064	-	-	-	Melogale subaurantiaca	Curation is part of the VGTK project, Curator: VGTK rabies team, SBOHVM and MRC-University of Glasgow Centre for Virus Research
MH481063	-	-	-	Melogale subaurantiaca	Curation is part of the VGTK project, Curator: VGTK rabies team, SBOHVM and MRC-University of Glasgow Centre for Virus Research
MH481062	-	-	-	Melogale subaurantiaca	Curation is part of the VGTK project, Curator: VGTK rabies team, SBOHVM and MRC-University of Glasgow Centre for Virus Research
MH481061	-	-	-	Melogale subaurantiaca	Curation is part of the VGTK project, Curator: VGTK rabies team, SBOHVM and MRC-University of Glasgow Centre for Virus Research
MH481060	-	-	-	Melogale subaurantiaca	Curation is part of the VGTK project, Curator: VGTK rabies team, SBOHVM and MRC-University of Glasgow Centre for Virus Research
MH481059	-	-	-	Melogale subaurantiaca	Curation is part of the VGTK project, Curator: VGTK rabies team, SBOHVM and MRC-University of Glasgow Centre for Virus Research
MH481058	-	-	-	Melogale subaurantiaca	Curation is part of the VGTK project, Curator: VGTK rabies team, SBOHVM and MRC-University of Glasgow Centre for Virus Research
U22479	-	-	-	Vampire bat	Curation is part of the VGTK project, Curator: VGTK rabies team, SBOHVM and MRC-University of Glasgow Centre for Virus Research
U22474	-	-	-	Red fox	Curation is part of the VGTK project, Curator: VGTK rabies team, SBOHVM and MRC-University of Glasgow Centre for Virus Research
